booking_id,booking_date,due_date,payment_date,fiscal_year,month,quarter,document_number,document_type,booking_type,account_code,account_name,counter_account_code,counter_account_name,statement_section,category,partner_name,cost_center,payment_method,quantity,unit_price_net,amount_net,vat_rate,vat_amount,amount_gross,currency,is_paid,is_recurring,has_attachment,is_credit_note,notes
1,2025-05-21,2025-05-28,2025-06-24,2025,5,Q2,DOC-2025-0001,invoice,expense,5000,Wareneinsatz,2000,Verbindlichkeiten aus Lieferungen und Leistungen,guv,cogs,AWS,operations,bank_transfer,2,314.69,629.38,0.19,119.58,748.96,EUR,True,False,True,False,
2,2025-12-26,2026-01-25,2026-01-12,2025,12,Q4,DOC-2025-0002,invoice,revenue,4200,Sonstige betriebliche Ertraege,1000,Bank,guv,other_income,Green Office,training,card,1,1312.64,1312.64,0.19,249.40,1562.04,EUR,True,False,True,False,Workshop
3,2025-07-14,2025-08-13,,2025,7,Q3,DOC-2025-0003,invoice,revenue,4000,Umsatzerloese Dienstleistungen,1000,Bank,guv,service,Innotech AG,consulting,bank_transfer,5,231.57,1157.85,0.19,219.99,1377.84,EUR,False,False,False,False,
4,2025-11-13,2025-11-20,2025-11-17,2025,11,Q4,DOC-2025-0004,receipt,revenue,4200,Sonstige betriebliche Ertraege,1000,Bank,guv,other_income,Beta Solutions,training,card,1,1976.63,1976.63,0.19,375.56,2352.19,EUR,True,False,True,False,Workshop
5,2025-03-25,2025-04-08,2025-03-29,2025,3,Q1,DOC-2025-0005,invoice,expense,5200,Software und Lizenzen,1000,Bank,guv,software,CoWorking Berlin,it,card,10,12.37,123.65,0.19,23.49,147.14,EUR,True,True,True,False,SaaS Abo
6,2025-04-23,2025-04-30,,2025,4,Q2,DOC-2025-0006,receipt,expense,5400,Reisekosten,1000,Bank,guv,travel,Notebookshop,sales,cash,4,63.06,252.23,0.07,17.66,269.89,EUR,False,False,True,False,Dienstreise
7,2025-04-19,2025-05-19,2025-05-18,2025,4,Q2,DOC-2025-0007,invoice,expense,5200,Software und Lizenzen,1000,Bank,guv,software,Telekom,it,card,3,67.84,203.52,0.19,38.67,242.19,EUR,True,True,True,False,SaaS Abo
8,2025-04-23,2025-05-07,2025-04-28,2025,4,Q2,DOC-2025-0008,invoice,expense,5200,Software und Lizenzen,1000,Bank,guv,software,Bahn,it,card,1,299.25,299.25,0.19,56.86,356.11,EUR,True,True,True,False,
9,2025-09-28,2025-10-05,2025-10-05,2025,9,Q3,DOC-2025-0009,invoice,revenue,4100,Umsatzerloese Produkte,1200,Forderungen aus Lieferungen und Leistungen,guv,product,Futura Labs,software,bank_transfer,11,51.35,564.83,0.19,107.32,672.15,EUR,True,False,True,False,Softwarelizenz
10,2025-09-14,2025-09-21,2025-10-03,2025,9,Q3,DOC-2025-0010,invoice,expense,5200,Software und Lizenzen,1000,Bank,guv,software,Microsoft,it,card,11,21.21,233.35,0.19,44.34,277.69,EUR,True,True,True,False,SaaS Abo
11,2025-11-03,2025-11-17,2025-11-22,2025,11,Q4,DOC-2025-0011,credit_note,expense,5000,Wareneinsatz,2000,Verbindlichkeiten aus Lieferungen und Leistungen,guv,cogs,AWS,operations,bank_transfer,4,198.56,794.24,0.19,150.91,945.15,EUR,True,False,True,True,
12,2025-03-07,2025-03-14,,2025,3,Q1,DOC-2025-0012,invoice,expense,5100,Marketingkosten,1000,Bank,guv,marketing,CoWorking Berlin,marketing,card,5,124.20,621.00,0.19,117.99,738.99,EUR,False,False,True,False,Onlinekampagne
13,2025-12-10,2026-01-09,2026-01-07,2025,12,Q4,DOC-2025-0013,invoice,expense,5300,Miete,1000,Bank,guv,rent,Adobe,admin,bank_transfer,2,612.47,1224.94,0.19,232.74,1457.68,EUR,True,True,True,False,Buero Miete
14,2025-01-31,2025-02-14,,2025,1,Q1,DOC-2025-0014,invoice,revenue,4200,Sonstige betriebliche Ertraege,1000,Bank,guv,other_income,Havel Hotel,training,card,2,348.22,696.44,0.19,132.32,828.76,EUR,False,False,True,False,Workshop
15,2025-05-05,2025-05-12,,2025,5,Q2,DOC-2025-0015,invoice,expense,5300,Miete,1000,Bank,guv,rent,Notebookshop,admin,bank_transfer,2,646.16,1292.31,0.19,245.54,1537.85,EUR,False,True,True,False,
16,2025-02-01,2025-02-08,2025-02-16,2025,2,Q1,DOC-2025-0016,invoice,expense,5000,Wareneinsatz,2000,Verbindlichkeiten aus Lieferungen und Leistungen,guv,cogs,Notebookshop,operations,bank_transfer,4,239.36,957.45,0.19,181.92,1139.37,EUR,True,False,True,False,Wareneinkauf
17,2025-02-20,2025-02-27,,2025,2,Q1,DOC-2025-0017,receipt,revenue,4200,Sonstige betriebliche Ertraege,1000,Bank,guv,other_income,City Bakery,training,card,2,174.33,348.65,0.19,66.24,414.89,EUR,False,False,True,False,Workshop
18,2025-07-14,2025-07-28,2025-08-01,2025,7,Q3,DOC-2025-0018,invoice,expense,5100,Marketingkosten,1000,Bank,guv,marketing,Telekom,marketing,card,7,11.68,81.77,0.19,15.54,97.31,EUR,True,False,True,False,Onlinekampagne
19,2025-10-24,2025-11-07,2025-10-27,2025,10,Q4,DOC-2025-0019,invoice,revenue,4000,Umsatzerloese Dienstleistungen,1000,Bank,guv,service,Innotech AG,consulting,bank_transfer,1,3522.23,3522.23,0.19,669.22,4191.45,EUR,True,False,False,False,
20,2025-02-04,2025-02-11,2025-02-19,2025,2,Q1,DOC-2025-0020,receipt,revenue,4200,Sonstige betriebliche Ertraege,1000,Bank,guv,other_income,Green Office,training,card,10,156.67,1566.66,0.19,297.67,1864.33,EUR,True,False,True,False,Workshop
21,2025-06-10,2025-07-10,2025-06-29,2025,6,Q2,,receipt,revenue,4200,Sonstige betriebliche Ertraege,1000,Bank,guv,other_income,Beta Solutions,training,card,8,89.43,715.44,0.19,135.93,851.37,EUR,True,False,True,False,Workshop
22,2025-04-20,2025-05-04,2025-04-24,2025,4,Q2,DOC-2025-0022,invoice,revenue,4200,Sonstige betriebliche Ertraege,1000,Bank,guv,other_income,Innotech AG,training,card,4,309.12,1236.48,0.19,234.93,1471.41,EUR,True,False,True,False,Workshop
23,2025-12-08,2026-01-07,2025-12-14,2025,12,Q4,DOC-2025-0023,invoice,expense,5000,Wareneinsatz,2000,Verbindlichkeiten aus Lieferungen und Leistungen,guv,cogs,Telekom,operations,bank_transfer,3,606.53,1819.58,0.19,345.72,2165.30,EUR,True,False,True,False,Wareneinkauf
24,2025-11-21,2025-12-05,2025-11-24,2025,11,Q4,,receipt,revenue,4200,Sonstige betriebliche Ertraege,1000,Bank,guv,other_income,Alpha GmbH,training,card,2,956.59,1913.18,0.19,363.50,2276.68,EUR,True,False,True,False,Workshop
25,2025-08-15,2025-08-22,2025-08-22,2025,8,Q3,DOC-2025-0025,receipt,revenue,4200,Sonstige betriebliche Ertraege,1000,Bank,guv,other_income,City Bakery,training,card,2,662.89,1325.78,0.19,251.90,1577.68,EUR,True,False,True,False,Workshop
26,2025-01-22,2025-01-29,,2025,1,Q1,DOC-2025-0026,invoice,revenue,4000,Umsatzerloese Dienstleistungen,1000,Bank,guv,service,Beta Solutions,consulting,bank_transfer,6,323.43,1940.56,0.19,368.71,2309.27,EUR,False,False,True,False,Webprojekt
27,2025-05-02,2025-05-09,,2025,5,Q2,DOC-2025-0027,credit_note,expense,5100,Marketingkosten,1000,Bank,guv,marketing,Microsoft,marketing,card,7,112.71,788.98,0.19,149.91,938.89,EUR,False,False,True,True,Onlinekampagne
28,2025-05-17,2025-05-31,2025-05-19,2025,5,Q2,DOC-2025-0028,invoice,expense,5100,Marketingkosten,1000,Bank,guv,marketing,Office Depot,marketing,card,8,26.32,210.54,0.19,40.00,250.54,EUR,True,False,True,False,Onlinekampagne
29,2025-04-09,2025-04-16,2025-04-26,2025,4,Q2,DOC-2025-0029,invoice,revenue,4200,Sonstige betriebliche Ertraege,1000,Bank,guv,other_income,Innotech AG,training,card,6,171.17,1027.01,0.19,195.13,1222.14,EUR,True,False,True,False,Workshop
30,2025-05-16,2025-05-30,2025-06-05,2025,5,Q2,DOC-2025-0030,invoice,revenue,4200,Sonstige betriebliche Ertraege,1000,Bank,guv,other_income,Green Office,training,card,7,46.37,324.60,0.19,61.67,386.27,EUR,True,False,True,False,
31,2025-10-03,2025-11-02,,2025,10,Q4,DOC-2025-0031,invoice,revenue,4200,Sonstige betriebliche Ertraege,1000,Bank,guv,other_income,Futura Labs,training,card,11,144.49,1589.37,0.19,301.98,1891.35,EUR,False,False,True,False,Workshop
32,2025-06-08,2025-07-08,2025-06-26,2025,6,Q2,DOC-2025-0032,invoice,expense,5400,Reisekosten,1000,Bank,guv,travel,Notebookshop,sales,cash,9,27.42,246.74,0.07,17.27,264.01,EUR,True,False,False,False,Dienstreise
33,2025-01-01,2025-01-31,2025-01-21,2025,1,Q1,DOC-2025-0033,receipt,revenue,4200,Sonstige betriebliche Ertraege,1000,Bank,guv,other_income,Innotech AG,training,card,8,105.32,842.56,0.19,160.09,1002.65,EUR,True,False,False,False,Workshop
34,2025-05-26,2025-06-09,2025-05-31,2025,5,Q2,DOC-2025-0034,invoice,revenue,4000,Umsatzerloese Dienstleistungen,1000,Bank,guv,service,Delta Studio,consulting,bank_transfer,4,676.79,2707.17,0.19,514.36,3221.53,EUR,True,False,True,False,Webprojekt
35,2025-08-22,2025-08-29,2025-09-15,2025,8,Q3,DOC-2025-0035,invoice,expense,5000,Wareneinsatz,2000,Verbindlichkeiten aus Lieferungen und Leistungen,guv,cogs,Adobe,operations,bank_transfer,8,122.76,982.04,0.19,186.59,1168.63,EUR,True,False,True,False,Wareneinkauf
36,2025-04-01,2025-04-15,2025-04-04,2025,4,Q2,DOC-2025-0036,invoice,expense,5100,Marketingkosten,1000,Bank,guv,marketing,Office Depot,marketing,card,9,82.15,739.37,0.19,140.48,879.85,EUR,True,False,True,False,Onlinekampagne
37,2025-08-15,2025-09-14,2025-09-11,2025,8,Q3,DOC-2025-0037,invoice,expense,5200,Software und Lizenzen,1000,Bank,guv,software,Office Depot,it,card,9,21.28,191.54,0.19,36.39,227.93,EUR,True,True,True,False,SaaS Abo
38,2025-09-06,2025-09-13,2025-09-24,2025,9,Q3,DOC-2025-0038,invoice,revenue,4200,Sonstige betriebliche Ertraege,1000,Bank,guv,other_income,Innotech AG,training,card,4,368.04,1472.16,0.19,279.71,1751.87,EUR,True,False,True,False,Workshop
39,2025-02-02,2025-02-16,2025-02-28,2025,2,Q1,DOC-2025-0039,invoice,revenue,4000,Umsatzerloese Dienstleistungen,1000,Bank,guv,service,Juno Media,consulting,bank_transfer,1,2335.01,2335.01,0.19,443.65,2778.66,EUR,True,False,True,False,Webprojekt
40,2025-01-04,2025-01-18,2025-01-30,2025,1,Q1,DOC-2025-0040,invoice,expense,5300,Miete,1000,Bank,guv,rent,Travel Partner,admin,bank_transfer,9,152.37,1371.37,0.19,260.56,1631.93,EUR,True,True,True,False,Buero Miete
41,2025-06-22,2025-07-22,,2025,6,Q2,DOC-2025-0041,invoice,expense,5300,Miete,1000,Bank,guv,rent,Travel Partner,admin,bank_transfer,3,411.48,1234.44,0.19,234.54,1468.98,EUR,False,True,False,False,Buero Miete
42,2025-11-26,2025-12-03,,2025,11,Q4,DOC-2025-0042,invoice,expense,5000,Wareneinsatz,2000,Verbindlichkeiten aus Lieferungen und Leistungen,guv,cogs,Office Depot,operations,bank_transfer,1,1011.51,1011.51,0.19,192.19,1203.70,EUR,False,False,True,False,Wareneinkauf
43,2025-05-10,2025-06-09,2025-06-13,2025,5,Q2,DOC-2025-0043,invoice,expense,5300,Miete,1000,Bank,guv,rent,AWS,admin,bank_transfer,1,1317.46,1317.46,0.19,250.32,1567.78,EUR,True,True,True,False,Buero Miete
44,2025-01-11,2025-01-25,2025-01-18,2025,1,Q1,DOC-2025-0044,invoice,expense,5100,Marketingkosten,1000,Bank,guv,marketing,Meta Ads,marketing,card,10,58.95,589.50,0.19,112.01,701.51,EUR,True,False,True,False,Onlinekampagne
45,2025-03-25,2025-04-01,2025-04-13,2025,3,Q1,DOC-2025-0045,invoice,expense,5000,Wareneinsatz,2000,Verbindlichkeiten aus Lieferungen und Leistungen,guv,cogs,Notebookshop,operations,bank_transfer,10,212.66,2126.62,0.19,404.06,2530.68,EUR,True,False,True,False,Wareneinkauf
46,2025-02-22,2025-03-24,2025-03-01,2025,2,Q1,DOC-2025-0046,invoice,expense,5100,Marketingkosten,1000,Bank,guv,marketing,Notebookshop,marketing,card,10,65.17,651.70,0.19,123.82,775.52,EUR,True,False,True,False,Onlinekampagne
47,2025-09-08,2025-10-08,,2025,9,Q3,DOC-2025-0047,invoice,revenue,4100,Umsatzerloese Produkte,1200,Forderungen aus Lieferungen und Leistungen,guv,product,Innotech AG,software,bank_transfer,8,40.52,324.14,0.19,61.59,385.73,EUR,False,False,True,False,Softwarelizenz
48,2025-08-27,2025-09-10,,2025,8,Q3,DOC-2025-0048,invoice,expense,5300,Miete,1000,Bank,guv,rent,AWS,admin,bank_transfer,6,186.30,1117.79,0.19,212.38,1330.17,EUR,False,True,True,False,Buero Miete
49,2025-06-22,2025-06-29,,2025,6,Q2,DOC-2025-0049,invoice,expense,5300,Miete,1000,Bank,guv,rent,Microsoft,admin,bank_transfer,8,114.29,914.35,0.19,173.73,1088.08,EUR,False,True,True,False,Buero Miete
50,2025-04-08,2025-04-22,,2025,4,Q2,DOC-2025-0050,invoice,expense,5400,Reisekosten,1000,Bank,guv,travel,Office Depot,sales,cash,9,7.39,66.54,0.07,4.66,71.20,EUR,False,False,True,False,Dienstreise
51,2025-06-06,2025-07-06,2025-07-09,2025,6,Q2,DOC-2025-0051,invoice,revenue,4000,Umsatzerloese Dienstleistungen,1000,Bank,guv,service,Futura Labs,consulting,bank_transfer,6,542.78,3256.65,0.19,618.76,3875.41,EUR,True,False,True,False,Webprojekt
52,2025-04-09,2025-05-09,,2025,4,Q2,DOC-2025-0052,receipt,revenue,4200,Sonstige betriebliche Ertraege,1000,Bank,guv,other_income,Eco Store,training,card,3,288.44,865.32,0.19,164.41,1029.73,EUR,False,False,False,False,Workshop
53,2025-04-10,2025-04-24,2025-04-10,2025,4,Q2,DOC-2025-0053,invoice,revenue,4000,Umsatzerloese Dienstleistungen,1000,Bank,guv,service,Alpha GmbH,consulting,bank_transfer,12,158.01,1896.11,0.19,360.26,2256.37,EUR,True,False,True,False,Webprojekt
54,2025-02-22,2025-03-08,2025-03-24,2025,2,Q1,DOC-2025-0054,invoice,expense,5300,Miete,1000,Bank,guv,rent,Meta Ads,admin,bank_transfer,8,167.05,1336.36,0.19,253.91,1590.27,EUR,True,True,True,False,Buero Miete
55,2025-10-23,2025-10-30,2025-11-11,2025,10,Q4,DOC-2025-0055,invoice,revenue,4000,Umsatzerloese Dienstleistungen,1000,Bank,guv,service,Green Office,consulting,bank_transfer,2,1564.48,3128.95,0.19,594.50,3723.45,EUR,True,False,True,False,Webprojekt
56,2025-08-15,2025-08-29,2025-09-03,2025,8,Q3,DOC-2025-0056,invoice,expense,5300,Miete,1000,Bank,guv,rent,AWS,admin,bank_transfer,10,104.87,1048.68,0.19,199.25,1247.93,EUR,True,True,True,False,Buero Miete
57,2025-05-03,2025-05-10,2025-05-29,2025,5,Q2,DOC-2025-0057,invoice,expense,5100,Marketingkosten,1000,Bank,guv,marketing,Adobe,marketing,card,8,27.82,222.53,0.19,42.28,264.81,EUR,True,False,True,False,Onlinekampagne
58,2025-05-16,2025-06-15,2025-05-28,2025,5,Q2,DOC-2025-0058,invoice,expense,5100,Marketingkosten,1000,Bank,guv,marketing,Bahn,marketing,card,7,103.72,726.02,0.19,137.94,863.96,EUR,True,False,True,False,
59,2025-11-01,2025-11-15,2025-11-29,2025,11,Q4,DOC-2025-0059,invoice,revenue,4100,Umsatzerloese Produkte,1200,Forderungen aus Lieferungen und Leistungen,guv,product,Green Office,software,bank_transfer,2,692.89,1385.78,0.19,263.30,1649.08,EUR,True,False,True,False,Softwarelizenz
60,2025-08-10,2025-08-17,2025-08-15,2025,8,Q3,DOC-2025-0060,receipt,revenue,4000,Umsatzerloese Dienstleistungen,1000,Bank,guv,service,Juno Media,consulting,bank_transfer,4,879.45,3517.78,0.19,668.38,4186.16,EUR,True,False,True,False,Webprojekt
61,2025-01-21,2025-02-20,2025-02-18,2025,1,Q1,DOC-2025-0061,invoice,expense,5400,Reisekosten,1000,Bank,guv,travel,Office Depot,sales,cash,5,55.31,276.56,0.07,19.36,295.92,EUR,True,False,True,False,Dienstreise
62,2025-03-24,2025-04-07,2025-04-18,2025,3,Q1,DOC-2025-0062,invoice,revenue,4000,Umsatzerloese Dienstleistungen,1000,Bank,guv,service,Futura Labs,consulting,bank_transfer,9,224.47,2020.27,0.19,383.85,2404.12,EUR,True,False,True,False,Webprojekt
63,2025-12-03,2025-12-10,2025-12-15,2025,12,Q4,DOC-2025-0063,invoice,expense,5000,Wareneinsatz,2000,Verbindlichkeiten aus Lieferungen und Leistungen,guv,cogs,Office Depot,operations,bank_transfer,9,214.25,1928.28,0.19,366.37,2294.65,EUR,True,False,True,False,Wareneinkauf
64,2025-12-24,2026-01-23,2026-01-08,2025,12,Q4,DOC-2025-0064,invoice,expense,5300,Miete,1000,Bank,guv,rent,Telekom,admin,bank_transfer,12,95.20,1142.36,0.19,217.05,1359.41,EUR,True,True,True,False,Buero Miete
65,2025-11-28,2025-12-28,2025-12-16,2025,11,Q4,DOC-2025-0065,invoice,revenue,4000,Umsatzerloese Dienstleistungen,1000,Bank,guv,service,Havel Hotel,consulting,bank_transfer,9,430.99,3878.93,0.19,737.00,4615.93,EUR,True,False,True,False,Webprojekt
66,2025-09-18,2025-09-25,2025-10-05,2025,9,Q3,DOC-2025-0066,receipt,revenue,4200,Sonstige betriebliche Ertraege,1000,Bank,guv,other_income,Eco Store,training,card,7,243.61,1705.27,0.19,324.00,2029.27,EUR,True,False,True,False,Workshop
67,2025-03-18,2025-04-01,2025-04-22,2025,3,Q1,DOC-2025-0067,invoice,expense,5300,Miete,1000,Bank,guv,rent,CoWorking Berlin,admin,bank_transfer,9,124.81,1123.27,0.19,213.42,1336.69,EUR,True,True,True,False,Buero Miete
68,2025-01-23,2025-02-06,2025-02-16,2025,1,Q1,DOC-2025-0068,invoice,expense,5300,Miete,1000,Bank,guv,rent,Bahn,admin,bank_transfer,11,96.28,1059.09,0.19,201.23,1260.32,EUR,True,True,True,False,Buero Miete
69,2025-08-14,2025-08-21,,2025,8,Q3,DOC-2025-0069,invoice,expense,5000,Wareneinsatz,2000,Verbindlichkeiten aus Lieferungen und Leistungen,guv,cogs,Bahn,operations,bank_transfer,12,27.28,327.40,0.19,62.21,389.61,EUR,False,False,True,False,Wareneinkauf
70,2025-11-29,2025-12-29,2026-01-02,2025,11,Q4,DOC-2025-0070,invoice,expense,5300,Miete,1000,Bank,guv,rent,Office Depot,admin,bank_transfer,7,134.31,940.16,0.19,178.63,1118.79,EUR,True,True,True,False,
71,2025-04-27,2025-05-04,2025-05-03,2025,4,Q2,,invoice,expense,5200,Software und Lizenzen,1000,Bank,guv,software,Adobe,it,card,8,28.64,229.09,0.19,43.53,272.62,EUR,True,True,True,False,SaaS Abo
72,2025-05-06,2025-05-13,2025-05-16,2025,5,Q2,DOC-2025-0072,receipt,revenue,4000,Umsatzerloese Dienstleistungen,1000,Bank,guv,service,Juno Media,consulting,bank_transfer,3,921.77,2765.32,0.19,525.41,3290.73,EUR,True,False,True,False,Webprojekt
73,2025-05-11,2025-05-25,2025-05-29,2025,5,Q2,DOC-2025-0073,invoice,revenue,4200,Sonstige betriebliche Ertraege,1000,Bank,guv,other_income,Futura Labs,training,card,11,104.20,1146.16,0.19,217.77,1363.93,EUR,True,False,True,False,Workshop
74,2025-06-04,2025-06-18,2025-06-10,2025,6,Q2,DOC-2025-0074,invoice,expense,5300,Miete,1000,Bank,guv,rent,Meta Ads,admin,bank_transfer,4,249.90,999.61,0.19,189.93,1189.54,EUR,True,True,True,False,Buero Miete
75,2025-01-05,2025-02-04,2025-01-08,2025,1,Q1,DOC-2025-0075,invoice,expense,5200,Software und Lizenzen,1000,Bank,guv,software,Meta Ads,it,card,10,17.85,178.46,0.19,33.91,212.37,EUR,True,True,True,False,SaaS Abo
76,2025-11-14,2025-12-14,,2025,11,Q4,DOC-2025-0076,invoice,revenue,4000,Umsatzerloese Dienstleistungen,1000,Bank,guv,service,Alpha GmbH,consulting,bank_transfer,11,157.03,1727.32,0.19,328.19,2055.51,EUR,False,False,True,False,Webprojekt
77,2025-06-01,2025-06-08,2025-06-09,2025,6,Q2,DOC-2025-0077,invoice,expense,5000,Wareneinsatz,2000,Verbindlichkeiten aus Lieferungen und Leistungen,guv,cogs,Telekom,operations,bank_transfer,9,88.84,799.58,0.19,151.92,951.50,EUR,True,False,True,False,Wareneinkauf
78,2025-06-01,2025-06-08,2025-06-30,2025,6,Q2,DOC-2025-0078,invoice,expense,5300,Miete,1000,Bank,guv,rent,Notebookshop,admin,bank_transfer,2,636.64,1273.28,0.19,241.92,1515.20,EUR,True,True,True,False,Buero Miete
79,2025-05-16,2025-06-15,2025-06-01,2025,5,Q2,DOC-2025-0079,invoice,expense,5000,Wareneinsatz,2000,Verbindlichkeiten aus Lieferungen und Leistungen,guv,cogs,Microsoft,operations,bank_transfer,10,123.61,1236.07,0.19,234.85,1470.92,EUR,True,False,True,False,
80,2025-06-17,2025-06-24,2025-07-16,2025,6,Q2,,invoice,expense,5400,Reisekosten,1000,Bank,guv,travel,Bahn,sales,cash,12,26.98,323.73,0.07,22.66,346.39,EUR,True,False,True,False,Dienstreise
81,2025-10-03,2025-11-02,2025-11-06,2025,10,Q4,DOC-2025-0081,invoice,revenue,4000,Umsatzerloese Dienstleistungen,1000,Bank,guv,service,Green Office,consulting,bank_transfer,7,185.99,1301.96,0.19,247.37,1549.33,EUR,True,False,True,False,Webprojekt
82,2025-01-17,2025-01-31,2025-02-01,2025,1,Q1,DOC-2025-0082,invoice,expense,5200,Software und Lizenzen,1000,Bank,guv,software,Telekom,it,card,6,35.55,213.28,0.19,40.52,253.80,EUR,True,True,True,False,
83,2025-08-21,2025-09-20,2025-08-22,2025,8,Q3,DOC-2025-0083,invoice,revenue,4000,Umsatzerloese Dienstleistungen,1000,Bank,guv,service,City Bakery,consulting,bank_transfer,1,1139.19,1139.19,0.19,216.45,1355.64,EUR,True,False,True,False,Webprojekt
84,2025-04-21,2025-04-28,2025-04-21,2025,4,Q2,DOC-2025-0084,invoice,expense,5400,Reisekosten,1000,Bank,guv,travel,Bahn,sales,cash,5,58.41,292.05,0.07,20.44,312.49,EUR,True,False,True,False,
85,2025-01-08,2025-02-07,,2025,1,Q1,DOC-2025-0085,receipt,expense,5100,Marketingkosten,1000,Bank,guv,marketing,Adobe,marketing,card,6,62.29,373.76,0.19,71.01,444.77,EUR,False,False,True,False,
86,2025-07-05,2025-08-04,2025-07-19,2025,7,Q3,DOC-2025-0086,credit_note,revenue,4100,Umsatzerloese Produkte,1200,Forderungen aus Lieferungen und Leistungen,guv,product,Innotech AG,software,bank_transfer,10,99.68,996.84,0.19,189.40,1186.24,EUR,True,False,True,True,
87,2025-08-07,2025-08-21,2025-08-11,2025,8,Q3,DOC-2025-0087,invoice,expense,5300,Miete,1000,Bank,guv,rent,Bahn,admin,bank_transfer,2,621.53,1243.05,0.19,236.18,1479.23,EUR,True,True,True,False,Buero Miete
88,2025-09-29,2025-10-13,2025-10-05,2025,9,Q3,DOC-2025-0088,receipt,revenue,4200,Sonstige betriebliche Ertraege,1000,Bank,guv,other_income,Innotech AG,training,card,12,68.75,825.05,0.19,156.76,981.81,EUR,True,False,True,False,Workshop
89,2025-08-21,2025-09-04,,2025,8,Q3,DOC-2025-0089,invoice,revenue,4100,Umsatzerloese Produkte,1200,Forderungen aus Lieferungen und Leistungen,guv,product,City Bakery,software,bank_transfer,7,115.41,807.90,0.19,153.50,961.40,EUR,False,False,True,False,
90,2025-02-19,2025-02-26,2025-03-26,2025,2,Q1,DOC-2025-0090,invoice,revenue,4100,Umsatzerloese Produkte,1200,Forderungen aus Lieferungen und Leistungen,guv,product,Futura Labs,software,bank_transfer,1,1378.57,1378.57,0.19,261.93,1640.50,EUR,True,False,True,False,Softwarelizenz
91,2025-01-27,2025-02-10,2025-02-02,2025,1,Q1,DOC-2025-0091,invoice,expense,5300,Miete,1000,Bank,guv,rent,Office Depot,admin,bank_transfer,10,138.42,1384.20,0.19,263.00,1647.20,EUR,True,True,True,False,Buero Miete
92,2025-10-21,2025-11-20,2025-11-25,2025,10,Q4,,invoice,revenue,4100,Umsatzerloese Produkte,1200,Forderungen aus Lieferungen und Leistungen,guv,product,Eco Store,software,bank_transfer,1,523.16,523.16,0.19,99.40,622.56,EUR,True,False,True,False,Softwarelizenz
93,2025-01-04,2025-02-03,2025-01-29,2025,1,Q1,DOC-2025-0093,invoice,expense,5200,Software und Lizenzen,1000,Bank,guv,software,Adobe,it,card,2,35.40,70.79,0.19,13.45,84.24,EUR,True,True,True,False,SaaS Abo
94,2025-07-09,2025-08-08,2025-07-14,2025,7,Q3,DOC-2025-0094,invoice,expense,5100,Marketingkosten,1000,Bank,guv,marketing,Adobe,marketing,card,1,335.54,335.54,0.19,63.75,399.29,EUR,True,False,True,False,Onlinekampagne
95,2025-08-01,2025-08-08,,2025,8,Q3,DOC-2025-0095,invoice,expense,5300,Miete,1000,Bank,guv,rent,Travel Partner,admin,bank_transfer,6,172.76,1036.58,0.19,196.95,1233.53,EUR,False,True,True,False,
96,2025-01-29,2025-02-05,2025-02-06,2025,1,Q1,DOC-2025-0096,invoice,revenue,4200,Sonstige betriebliche Ertraege,1000,Bank,guv,other_income,Havel Hotel,training,card,5,53.00,264.99,0.19,50.35,315.34,EUR,True,False,True,False,Workshop
97,2025-10-14,2025-10-21,,2025,10,Q4,DOC-2025-0097,invoice,expense,5400,Reisekosten,1000,Bank,guv,travel,Adobe,sales,cash,7,42.62,298.34,0.07,20.88,319.22,EUR,False,False,True,False,Dienstreise
98,2025-12-30,2026-01-13,2025-12-31,2025,12,Q4,DOC-2025-0098,invoice,revenue,4100,Umsatzerloese Produkte,1200,Forderungen aus Lieferungen und Leistungen,guv,product,Havel Hotel,software,bank_transfer,6,201.04,1206.23,0.19,229.18,1435.41,EUR,True,False,False,False,
99,2025-08-12,2025-08-26,2025-08-31,2025,8,Q3,DOC-2025-0099,invoice,expense,5100,Marketingkosten,1000,Bank,guv,marketing,Bahn,marketing,card,12,46.91,562.87,0.19,106.95,669.82,EUR,True,False,True,False,Onlinekampagne
100,2025-06-29,2025-07-06,,2025,6,Q2,DOC-2025-0100,invoice,revenue,4100,Umsatzerloese Produkte,1200,Forderungen aus Lieferungen und Leistungen,guv,product,City Bakery,software,bank_transfer,4,337.55,1350.18,0.19,256.53,1606.71,EUR,False,False,True,False,Softwarelizenz
101,2025-09-10,2025-10-10,2025-10-08,2025,9,Q3,DOC-2025-0101,invoice,revenue,4200,Sonstige betriebliche Ertraege,1000,Bank,guv,other_income,Juno Media,training,card,11,104.97,1154.71,0.19,219.39,1374.10,EUR,True,False,False,False,Workshop
102,2025-08-15,2025-09-14,,2025,8,Q3,DOC-2025-0102,invoice,revenue,4100,Umsatzerloese Produkte,1200,Forderungen aus Lieferungen und Leistungen,guv,product,Havel Hotel,software,bank_transfer,1,1191.79,1191.79,0.19,226.44,1418.23,EUR,False,False,True,False,Softwarelizenz
103,2025-11-11,2025-12-11,2025-12-16,2025,11,Q4,DOC-2025-0103,invoice,revenue,4000,Umsatzerloese Dienstleistungen,1000,Bank,guv,service,Juno Media,consulting,bank_transfer,12,249.84,2998.10,0.19,569.64,3567.74,EUR,True,False,True,False,Webprojekt
104,2025-08-19,2025-09-02,,2025,8,Q3,DOC-2025-0104,invoice,revenue,4000,Umsatzerloese Dienstleistungen,1000,Bank,guv,service,Alpha GmbH,consulting,bank_transfer,12,98.58,1182.96,0.19,224.76,1407.72,EUR,False,False,True,False,Webprojekt
105,2025-07-06,2025-07-20,2025-07-27,2025,7,Q3,DOC-2025-0105,invoice,expense,5100,Marketingkosten,1000,Bank,guv,marketing,Microsoft,marketing,card,11,35.07,385.74,0.19,73.29,459.03,EUR,True,False,True,False,Onlinekampagne
106,2025-12-03,2025-12-10,2025-12-24,2025,12,Q4,DOC-2025-0106,invoice,revenue,4200,Sonstige betriebliche Ertraege,1000,Bank,guv,other_income,Futura Labs,training,card,2,1065.30,2130.60,0.19,404.81,2535.41,EUR,True,False,True,False,Workshop
107,2025-02-13,2025-02-27,2025-02-21,2025,2,Q1,DOC-2025-0107,receipt,revenue,4200,Sonstige betriebliche Ertraege,1000,Bank,guv,other_income,Innotech AG,training,card,11,77.61,853.68,0.19,162.20,1015.88,EUR,True,False,True,False,Workshop
108,2025-04-03,2025-04-17,2025-04-15,2025,4,Q2,DOC-2025-0108,invoice,revenue,4100,Umsatzerloese Produkte,1200,Forderungen aus Lieferungen und Leistungen,guv,product,Eco Store,software,bank_transfer,4,429.86,1719.43,0.19,326.69,2046.12,EUR,True,False,True,False,Softwarelizenz
109,2025-01-20,2025-02-19,,2025,1,Q1,DOC-2025-0109,invoice,expense,5400,Reisekosten,1000,Bank,guv,travel,Bahn,sales,cash,3,81.73,245.20,0.07,17.16,262.36,EUR,False,False,True,False,Dienstreise
110,2025-01-23,2025-01-30,2025-02-20,2025,1,Q1,DOC-2025-0110,invoice,revenue,4100,Umsatzerloese Produkte,1200,Forderungen aus Lieferungen und Leistungen,guv,product,Havel Hotel,software,bank_transfer,10,82.79,827.92,0.19,157.30,985.22,EUR,True,False,True,False,Softwarelizenz
111,2025-07-08,2025-07-22,2025-08-06,2025,7,Q3,DOC-2025-0111,invoice,expense,5100,Marketingkosten,1000,Bank,guv,marketing,Notebookshop,marketing,card,5,127.24,636.21,0.19,120.88,757.09,EUR,True,False,True,False,Onlinekampagne
112,2025-01-27,2025-02-26,,2025,1,Q1,DOC-2025-0112,invoice,revenue,4100,Umsatzerloese Produkte,1200,Forderungen aus Lieferungen und Leistungen,guv,product,Beta Solutions,software,bank_transfer,2,603.98,1207.95,0.19,229.51,1437.46,EUR,False,False,True,False,Softwarelizenz
113,2025-08-12,2025-08-26,,2025,8,Q3,DOC-2025-0113,invoice,expense,5100,Marketingkosten,1000,Bank,guv,marketing,Notebookshop,marketing,card,6,25.87,155.21,0.19,29.49,184.70,EUR,False,False,True,False,Onlinekampagne
114,2025-06-13,2025-07-13,,2025,6,Q2,DOC-2025-0114,invoice,revenue,4000,Umsatzerloese Dienstleistungen,1000,Bank,guv,service,Eco Store,consulting,bank_transfer,6,707.34,4244.06,0.19,806.37,5050.43,EUR,False,False,True,False,Webprojekt
115,2025-08-18,2025-08-25,,2025,8,Q3,DOC-2025-0115,invoice,expense,5300,Miete,1000,Bank,guv,rent,Travel Partner,admin,bank_transfer,5,241.53,1207.67,0.19,229.46,1437.13,EUR,False,True,True,False,Buero Miete
116,2025-05-03,2025-05-17,,2025,5,Q2,DOC-2025-0116,receipt,revenue,4000,Umsatzerloese Dienstleistungen,1000,Bank,guv,service,Juno Media,consulting,bank_transfer,2,1176.68,2353.35,0.19,447.14,2800.49,EUR,False,False,True,False,Webprojekt
117,2025-08-08,2025-09-07,2025-09-03,2025,8,Q3,DOC-2025-0117,invoice,expense,5200,Software und Lizenzen,1000,Bank,guv,software,Microsoft,it,card,3,6.81,20.44,0.19,3.88,24.32,EUR,True,True,True,False,SaaS Abo
118,2025-01-11,2025-02-10,2025-02-04,2025,1,Q1,DOC-2025-0118,invoice,expense,5400,Reisekosten,1000,Bank,guv,travel,AWS,sales,cash,6,26.84,161.04,0.07,11.27,172.31,EUR,True,False,True,False,Dienstreise
119,2025-03-10,2025-04-09,2025-03-21,2025,3,Q1,DOC-2025-0119,invoice,expense,5200,Software und Lizenzen,1000,Bank,guv,software,Bahn,it,card,11,2.95,32.41,0.19,6.16,38.57,EUR,True,True,True,False,SaaS Abo
120,2025-04-14,2025-04-21,2025-05-04,2025,4,Q2,DOC-2025-0120,invoice,expense,5200,Software und Lizenzen,1000,Bank,guv,software,Telekom,it,card,5,6.45,32.27,0.19,6.13,38.40,EUR,True,True,True,False,SaaS Abo
121,2025-12-02,2025-12-16,2025-12-29,2025,12,Q4,DOC-2025-0121,receipt,revenue,4000,Umsatzerloese Dienstleistungen,1000,Bank,guv,service,Green Office,consulting,bank_transfer,7,289.73,2028.12,0.19,385.34,2413.46,EUR,True,False,True,False,Webprojekt
122,2025-05-17,2025-05-24,,2025,5,Q2,DOC-2025-0122,receipt,revenue,4200,Sonstige betriebliche Ertraege,1000,Bank,guv,other_income,Innotech AG,training,card,7,258.89,1812.24,0.19,344.33,2156.57,EUR,False,False,True,False,Workshop
123,2025-11-05,2025-11-19,2025-11-27,2025,11,Q4,DOC-2025-0123,receipt,revenue,4100,Umsatzerloese Produkte,1200,Forderungen aus Lieferungen und Leistungen,guv,product,Juno Media,software,bank_transfer,8,166.77,1334.14,0.19,253.49,1587.63,EUR,True,False,True,False,Softwarelizenz
124,2025-12-10,2026-01-09,2025-12-20,2025,12,Q4,,invoice,expense,5000,Wareneinsatz,2000,Verbindlichkeiten aus Lieferungen und Leistungen,guv,cogs,Office Depot,operations,bank_transfer,1,1446.03,1446.03,0.19,274.75,1720.78,EUR,True,False,True,False,Wareneinkauf
125,2025-10-18,2025-11-01,2025-11-10,2025,10,Q4,DOC-2025-0125,invoice,revenue,4100,Umsatzerloese Produkte,1200,Forderungen aus Lieferungen und Leistungen,guv,product,City Bakery,software,bank_transfer,6,33.91,203.44,0.19,38.65,242.09,EUR,True,False,True,False,Softwarelizenz
126,2025-01-14,2025-01-28,2025-02-18,2025,1,Q1,DOC-2025-0126,invoice,revenue,4000,Umsatzerloese Dienstleistungen,1000,Bank,guv,service,Havel Hotel,consulting,bank_transfer,2,1761.00,3522.00,0.19,669.18,4191.18,EUR,True,False,True,False,Webprojekt
127,2025-03-04,2025-03-11,2025-04-01,2025,3,Q1,DOC-2025-0127,receipt,expense,5100,Marketingkosten,1000,Bank,guv,marketing,Microsoft,marketing,card,2,95.65,191.30,0.19,36.35,227.65,EUR,True,False,True,False,Onlinekampagne
128,2025-03-22,2025-04-21,,2025,3,Q1,DOC-2025-0128,invoice,revenue,4100,Umsatzerloese Produkte,1200,Forderungen aus Lieferungen und Leistungen,guv,product,Beta Solutions,software,bank_transfer,3,441.50,1324.49,0.19,251.65,1576.14,EUR,False,False,True,False,Softwarelizenz
129,2025-10-11,2025-11-10,2025-10-19,2025,10,Q4,DOC-2025-0129,invoice,expense,5200,Software und Lizenzen,1000,Bank,guv,software,Notebookshop,it,card,10,18.02,180.24,0.19,34.25,214.49,EUR,True,True,True,False,SaaS Abo
130,2025-02-07,2025-02-14,2025-03-07,2025,2,Q1,DOC-2025-0130,invoice,expense,5400,Reisekosten,1000,Bank,guv,travel,Telekom,sales,cash,8,9.86,78.85,0.07,5.52,84.37,EUR,True,False,True,False,Dienstreise
131,2025-03-05,2025-03-12,2025-03-25,2025,3,Q1,DOC-2025-0131,receipt,revenue,4000,Umsatzerloese Dienstleistungen,1000,Bank,guv,service,Innotech AG,consulting,bank_transfer,12,226.42,2716.98,0.19,516.23,3233.21,EUR,True,False,True,False,Webprojekt
132,2025-05-21,2025-06-20,2025-05-26,2025,5,Q2,DOC-2025-0132,invoice,expense,5400,Reisekosten,1000,Bank,guv,travel,Travel Partner,sales,cash,9,8.76,78.80,0.07,5.52,84.32,EUR,True,False,True,False,Dienstreise
133,2025-01-22,2025-01-29,2025-02-07,2025,1,Q1,DOC-2025-0133,invoice,expense,5400,Reisekosten,1000,Bank,guv,travel,Travel Partner,sales,cash,11,26.89,295.82,0.07,20.71,316.53,EUR,True,False,True,False,Dienstreise
134,2025-09-05,2025-09-19,,2025,9,Q3,DOC-2025-0134,invoice,revenue,4100,Umsatzerloese Produkte,1200,Forderungen aus Lieferungen und Leistungen,guv,product,City Bakery,software,bank_transfer,5,110.81,554.05,0.19,105.27,659.32,EUR,False,False,True,False,Softwarelizenz
135,2025-06-13,2025-06-27,,2025,6,Q2,DOC-2025-0135,invoice,expense,5200,Software und Lizenzen,1000,Bank,guv,software,AWS,it,card,3,75.19,225.58,0.19,42.86,268.44,EUR,False,True,True,False,SaaS Abo
136,2025-01-26,2025-02-25,2025-02-21,2025,1,Q1,DOC-2025-0136,receipt,revenue,4000,Umsatzerloese Dienstleistungen,1000,Bank,guv,service,Futura Labs,consulting,bank_transfer,4,468.45,1873.78,0.19,356.02,2229.80,EUR,True,False,True,False,Webprojekt
137,2025-08-28,2025-09-04,2025-09-02,2025,8,Q3,DOC-2025-0137,receipt,revenue,4200,Sonstige betriebliche Ertraege,1000,Bank,guv,other_income,Delta Studio,training,card,7,174.65,1222.58,0.19,232.29,1454.87,EUR,True,False,True,False,Workshop
138,2025-05-27,2025-06-10,,2025,5,Q2,DOC-2025-0138,invoice,expense,5300,Miete,1000,Bank,guv,rent,Notebookshop,admin,bank_transfer,3,389.45,1168.35,0.19,221.99,1390.34,EUR,False,True,True,False,Buero Miete
139,2025-05-28,2025-06-27,2025-06-14,2025,5,Q2,DOC-2025-0139,invoice,revenue,4200,Sonstige betriebliche Ertraege,1000,Bank,guv,other_income,Beta Solutions,training,card,10,39.34,393.39,0.19,74.74,468.13,EUR,True,False,True,False,Workshop
140,2025-04-12,2025-04-19,2025-04-14,2025,4,Q2,DOC-2025-0140,invoice,expense,5100,Marketingkosten,1000,Bank,guv,marketing,Office Depot,marketing,card,1,574.02,574.02,0.19,109.06,683.08,EUR,True,False,True,False,Onlinekampagne
141,2025-06-13,2025-07-13,,2025,6,Q2,DOC-2025-0141,invoice,revenue,4200,Sonstige betriebliche Ertraege,1000,Bank,guv,other_income,Innotech AG,training,card,5,113.38,566.88,0.19,107.71,674.59,EUR,False,False,True,False,Workshop
142,2025-06-19,2025-07-19,,2025,6,Q2,DOC-2025-0142,invoice,expense,5200,Software und Lizenzen,1000,Bank,guv,software,Adobe,it,card,5,41.73,208.67,0.19,39.65,248.32,EUR,False,True,True,False,SaaS Abo
143,2025-10-23,2025-11-06,2025-11-02,2025,10,Q4,DOC-2025-0143,invoice,expense,5400,Reisekosten,1000,Bank,guv,travel,Notebookshop,sales,cash,9,12.28,110.54,0.07,7.74,118.28,EUR,True,False,True,False,
144,2025-04-08,2025-04-15,2025-05-04,2025,4,Q2,DOC-2025-0144,invoice,expense,5000,Wareneinsatz,2000,Verbindlichkeiten aus Lieferungen und Leistungen,guv,cogs,Travel Partner,operations,bank_transfer,12,13.28,159.39,0.19,30.28,189.67,EUR,True,False,True,False,Wareneinkauf
145,2025-09-23,2025-10-23,2025-10-23,2025,9,Q3,DOC-2025-0145,receipt,revenue,4000,Umsatzerloese Dienstleistungen,1000,Bank,guv,service,Havel Hotel,consulting,bank_transfer,9,174.13,1567.16,0.19,297.76,1864.92,EUR,True,False,True,False,Webprojekt
146,2025-11-09,2025-11-23,,2025,11,Q4,DOC-2025-0146,invoice,expense,5200,Software und Lizenzen,1000,Bank,guv,software,Meta Ads,it,card,9,17.29,155.57,0.19,29.56,185.13,EUR,False,True,True,False,SaaS Abo
147,2025-06-28,2025-07-28,,2025,6,Q2,DOC-2025-0147,invoice,expense,5300,Miete,1000,Bank,guv,rent,Telekom,admin,bank_transfer,5,236.05,1180.24,0.19,224.25,1404.49,EUR,False,True,False,False,Buero Miete
148,2025-05-29,2025-06-05,,2025,5,Q2,DOC-2025-0148,invoice,expense,5100,Marketingkosten,1000,Bank,guv,marketing,Office Depot,marketing,card,6,19.08,114.49,0.19,21.75,136.24,EUR,False,False,True,False,Onlinekampagne
149,2025-03-12,2025-03-19,,2025,3,Q1,DOC-2025-0149,credit_note,expense,5200,Software und Lizenzen,1000,Bank,guv,software,CoWorking Berlin,it,card,4,12.65,50.58,0.19,9.61,60.19,EUR,False,True,True,True,SaaS Abo
150,2025-12-15,2026-01-14,2025-12-25,2025,12,Q4,DOC-2025-0150,invoice,expense,5000,Wareneinsatz,2000,Verbindlichkeiten aus Lieferungen und Leistungen,guv,cogs,Office Depot,operations,bank_transfer,7,246.17,1723.19,0.19,327.41,2050.60,EUR,True,False,True,False,Wareneinkauf
151,2025-01-31,2025-03-02,2025-02-14,2025,1,Q1,DOC-2025-0151,receipt,revenue,4200,Sonstige betriebliche Ertraege,1000,Bank,guv,other_income,Alpha GmbH,training,card,9,224.50,2020.48,0.19,383.89,2404.37,EUR,True,False,True,False,Workshop
152,2025-07-23,2025-08-22,2025-08-10,2025,7,Q3,DOC-2025-0152,credit_note,revenue,4000,Umsatzerloese Dienstleistungen,1000,Bank,guv,service,Juno Media,consulting,bank_transfer,1,3715.45,3715.45,0.19,705.94,4421.39,EUR,True,False,False,True,Webprojekt
153,2025-09-26,2025-10-26,,2025,9,Q3,DOC-2025-0153,receipt,expense,5400,Reisekosten,1000,Bank,guv,travel,Microsoft,sales,cash,8,24.14,193.11,0.07,13.52,206.63,EUR,False,False,True,False,Dienstreise
154,2025-06-22,2025-06-29,2025-07-03,2025,6,Q2,DOC-2025-0154,receipt,revenue,4200,Sonstige betriebliche Ertraege,1000,Bank,guv,other_income,Green Office,training,card,10,179.20,1792.00,0.19,340.48,2132.48,EUR,True,False,True,False,Workshop
155,2025-09-02,2025-09-16,2025-09-26,2025,9,Q3,DOC-2025-0155,invoice,revenue,4000,Umsatzerloese Dienstleistungen,1000,Bank,guv,service,Futura Labs,consulting,bank_transfer,4,499.33,1997.33,0.19,379.49,2376.82,EUR,True,False,True,False,
156,2025-02-01,2025-02-08,2025-02-26,2025,2,Q1,DOC-2025-0156,invoice,expense,5100,Marketingkosten,1000,Bank,guv,marketing,Meta Ads,marketing,card,11,57.05,627.58,0.19,119.24,746.82,EUR,True,False,True,False,Onlinekampagne
157,2025-04-23,2025-05-07,2025-05-16,2025,4,Q2,DOC-2025-0157,receipt,revenue,4000,Umsatzerloese Dienstleistungen,1000,Bank,guv,service,Innotech AG,consulting,bank_transfer,7,620.32,4342.23,0.19,825.02,5167.25,EUR,True,False,True,False,Webprojekt
158,2025-02-11,2025-02-25,2025-02-15,2025,2,Q1,DOC-2025-0158,receipt,expense,5400,Reisekosten,1000,Bank,guv,travel,Telekom,sales,cash,10,20.29,202.91,0.07,14.20,217.11,EUR,True,False,True,False,Dienstreise
159,2025-03-01,2025-03-15,2025-03-06,2025,3,Q1,DOC-2025-0159,invoice,expense,5300,Miete,1000,Bank,guv,rent,Bahn,admin,bank_transfer,9,137.79,1240.15,0.19,235.63,1475.78,EUR,True,True,True,False,
160,2025-01-12,2025-02-11,,2025,1,Q1,DOC-2025-0160,invoice,expense,5200,Software und Lizenzen,1000,Bank,guv,software,Microsoft,it,card,4,32.72,130.87,0.19,24.87,155.74,EUR,False,True,True,False,
161,2025-01-17,2025-01-24,2025-02-12,2025,1,Q1,DOC-2025-0161,invoice,expense,5300,Miete,1000,Bank,guv,rent,Notebookshop,admin,bank_transfer,6,173.93,1043.55,0.19,198.27,1241.82,EUR,True,True,True,False,Buero Miete
162,2025-03-02,2025-04-01,2025-03-10,2025,3,Q1,DOC-2025-0162,invoice,expense,5200,Software und Lizenzen,1000,Bank,guv,software,Adobe,it,card,12,5.83,69.97,0.19,13.29,83.26,EUR,True,True,True,False,SaaS Abo
163,2025-04-28,2025-05-12,2025-05-10,2025,4,Q2,DOC-2025-0163,invoice,revenue,4100,Umsatzerloese Produkte,1200,Forderungen aus Lieferungen und Leistungen,guv,product,Green Office,software,bank_transfer,12,46.53,558.39,0.19,106.09,664.48,EUR,True,False,False,False,Softwarelizenz
164,2025-02-21,2025-03-23,2025-02-24,2025,2,Q1,DOC-2025-0164,invoice,revenue,4000,Umsatzerloese Dienstleistungen,1000,Bank,guv,service,Delta Studio,consulting,bank_transfer,4,749.40,2997.59,0.19,569.54,3567.13,EUR,True,False,True,False,Webprojekt
165,2025-04-30,2025-05-14,,2025,4,Q2,DOC-2025-0165,invoice,revenue,4100,Umsatzerloese Produkte,1200,Forderungen aus Lieferungen und Leistungen,guv,product,Futura Labs,software,bank_transfer,10,149.61,1496.05,0.19,284.25,1780.30,EUR,False,False,True,False,Softwarelizenz
166,2025-06-03,2025-07-03,2025-06-14,2025,6,Q2,DOC-2025-0166,invoice,expense,5300,Miete,1000,Bank,guv,rent,Adobe,admin,bank_transfer,11,94.33,1037.58,0.19,197.14,1234.72,EUR,True,True,False,False,Buero Miete
167,2025-12-23,2026-01-06,2026-01-03,2025,12,Q4,DOC-2025-0167,invoice,expense,5200,Software und Lizenzen,1000,Bank,guv,software,Meta Ads,it,card,9,15.17,136.57,0.19,25.95,162.52,EUR,True,True,True,False,SaaS Abo
168,2025-08-02,2025-08-09,2025-08-18,2025,8,Q3,DOC-2025-0168,invoice,revenue,4100,Umsatzerloese Produkte,1200,Forderungen aus Lieferungen und Leistungen,guv,product,Havel Hotel,software,bank_transfer,4,267.38,1069.52,0.19,203.21,1272.73,EUR,True,False,True,False,Softwarelizenz
169,2025-07-13,2025-07-20,2025-07-25,2025,7,Q3,DOC-2025-0169,invoice,revenue,4100,Umsatzerloese Produkte,1200,Forderungen aus Lieferungen und Leistungen,guv,product,Havel Hotel,software,bank_transfer,10,126.16,1261.56,0.19,239.70,1501.26,EUR,True,False,False,False,Softwarelizenz
170,2025-04-08,2025-04-22,2025-04-23,2025,4,Q2,DOC-2025-0170,invoice,expense,5100,Marketingkosten,1000,Bank,guv,marketing,CoWorking Berlin,marketing,card,12,72.41,868.90,0.19,165.09,1033.99,EUR,True,False,True,False,Onlinekampagne
171,2025-06-07,2025-06-21,2025-07-06,2025,6,Q2,DOC-2025-0171,invoice,expense,5200,Software und Lizenzen,1000,Bank,guv,software,Microsoft,it,card,2,46.62,93.24,0.19,17.72,110.96,EUR,True,True,True,False,SaaS Abo
172,2025-03-16,2025-04-15,2025-04-11,2025,3,Q1,DOC-2025-0172,invoice,expense,5100,Marketingkosten,1000,Bank,guv,marketing,Notebookshop,marketing,card,5,18.66,93.30,0.19,17.73,111.03,EUR,True,False,True,False,Onlinekampagne
173,2025-05-12,2025-06-11,2025-06-12,2025,5,Q2,DOC-2025-0173,invoice,expense,5200,Software und Lizenzen,1000,Bank,guv,software,Bahn,it,card,8,29.22,233.74,0.19,44.41,278.15,EUR,True,True,True,False,SaaS Abo
174,2025-09-26,2025-10-26,,2025,9,Q3,DOC-2025-0174,invoice,expense,5000,Wareneinsatz,2000,Verbindlichkeiten aus Lieferungen und Leistungen,guv,cogs,CoWorking Berlin,operations,bank_transfer,1,190.35,190.35,0.19,36.17,226.52,EUR,False,False,True,False,Wareneinkauf
175,2025-11-13,2025-11-27,,2025,11,Q4,DOC-2025-0175,invoice,expense,5000,Wareneinsatz,2000,Verbindlichkeiten aus Lieferungen und Leistungen,guv,cogs,Telekom,operations,bank_transfer,11,131.50,1446.48,0.19,274.83,1721.31,EUR,False,False,True,False,Wareneinkauf
176,2025-01-09,2025-01-23,2025-01-20,2025,1,Q1,DOC-2025-0176,invoice,expense,5200,Software und Lizenzen,1000,Bank,guv,software,CoWorking Berlin,it,card,2,80.31,160.62,0.19,30.52,191.14,EUR,True,True,True,False,SaaS Abo
177,2025-02-10,2025-03-12,2025-02-25,2025,2,Q1,DOC-2025-0177,invoice,revenue,4100,Umsatzerloese Produkte,1200,Forderungen aus Lieferungen und Leistungen,guv,product,Beta Solutions,software,bank_transfer,12,63.80,765.54,0.19,145.45,910.99,EUR,True,False,True,False,Softwarelizenz
178,2025-07-13,2025-07-20,2025-07-23,2025,7,Q3,DOC-2025-0178,invoice,revenue,4100,Umsatzerloese Produkte,1200,Forderungen aus Lieferungen und Leistungen,guv,product,Futura Labs,software,bank_transfer,2,530.98,1061.96,0.19,201.77,1263.73,EUR,True,False,True,False,
179,2025-04-28,2025-05-28,,2025,4,Q2,DOC-2025-0179,invoice,expense,5000,Wareneinsatz,2000,Verbindlichkeiten aus Lieferungen und Leistungen,guv,cogs,Meta Ads,operations,bank_transfer,8,69.97,559.75,0.19,106.35,666.10,EUR,False,False,True,False,
180,2025-01-09,2025-02-08,2025-02-03,2025,1,Q1,DOC-2025-0180,invoice,expense,5200,Software und Lizenzen,1000,Bank,guv,software,Travel Partner,it,card,2,144.61,289.21,0.19,54.95,344.16,EUR,True,True,True,False,SaaS Abo
181,2025-03-13,2025-03-20,2025-04-14,2025,3,Q1,DOC-2025-0181,invoice,revenue,4200,Sonstige betriebliche Ertraege,1000,Bank,guv,other_income,Green Office,training,card,12,149.29,1791.47,0.19,340.38,2131.85,EUR,True,False,True,False,Workshop
182,2025-07-23,2025-08-22,2025-08-09,2025,7,Q3,DOC-2025-0182,invoice,expense,5400,Reisekosten,1000,Bank,guv,travel,Notebookshop,sales,cash,8,42.55,340.37,0.07,23.83,364.20,EUR,True,False,True,False,Dienstreise
183,2025-06-01,2025-06-08,2025-06-18,2025,6,Q2,DOC-2025-0183,receipt,revenue,4200,Sonstige betriebliche Ertraege,1000,Bank,guv,other_income,City Bakery,training,card,3,602.07,1806.21,0.19,343.18,2149.39,EUR,True,False,True,False,
184,2025-08-16,2025-08-23,2025-08-21,2025,8,Q3,DOC-2025-0184,invoice,revenue,4100,Umsatzerloese Produkte,1200,Forderungen aus Lieferungen und Leistungen,guv,product,Innotech AG,software,bank_transfer,3,247.95,743.86,0.19,141.33,885.19,EUR,True,False,True,False,Softwarelizenz
185,2025-06-16,2025-06-30,2025-07-10,2025,6,Q2,DOC-2025-0185,invoice,revenue,4200,Sonstige betriebliche Ertraege,1000,Bank,guv,other_income,Delta Studio,training,card,2,967.13,1934.25,0.19,367.51,2301.76,EUR,True,False,True,False,Workshop
186,2025-05-18,2025-06-01,2025-06-04,2025,5,Q2,DOC-2025-0186,invoice,revenue,4100,Umsatzerloese Produkte,1200,Forderungen aus Lieferungen und Leistungen,guv,product,Futura Labs,software,bank_transfer,7,137.66,963.65,0.19,183.09,1146.74,EUR,True,False,True,False,Softwarelizenz
187,2025-08-23,2025-09-06,2025-09-13,2025,8,Q3,DOC-2025-0187,invoice,expense,5100,Marketingkosten,1000,Bank,guv,marketing,Office Depot,marketing,card,10,16.77,167.72,0.19,31.87,199.59,EUR,True,False,True,False,Onlinekampagne
188,2025-06-03,2025-06-10,,2025,6,Q2,DOC-2025-0188,receipt,expense,5100,Marketingkosten,1000,Bank,guv,marketing,Microsoft,marketing,card,8,42.87,342.95,0.19,65.16,408.11,EUR,False,False,True,False,Onlinekampagne
189,2025-06-16,2025-06-30,,2025,6,Q2,DOC-2025-0189,invoice,expense,5100,Marketingkosten,1000,Bank,guv,marketing,Travel Partner,marketing,card,6,64.73,388.37,0.19,73.79,462.16,EUR,False,False,True,False,Onlinekampagne
190,2025-08-25,2025-09-08,2025-08-29,2025,8,Q3,DOC-2025-0190,invoice,revenue,4200,Sonstige betriebliche Ertraege,1000,Bank,guv,other_income,Eco Store,training,card,7,298.40,2088.80,0.19,396.87,2485.67,EUR,True,False,True,False,Workshop
191,2025-08-18,2025-09-01,2025-09-21,2025,8,Q3,DOC-2025-0191,invoice,expense,5000,Wareneinsatz,2000,Verbindlichkeiten aus Lieferungen und Leistungen,guv,cogs,Notebookshop,operations,bank_transfer,9,242.30,2180.66,0.19,414.33,2594.99,EUR,True,False,True,False,Wareneinkauf
192,2025-11-01,2025-11-08,2025-11-23,2025,11,Q4,DOC-2025-0192,invoice,expense,5400,Reisekosten,1000,Bank,guv,travel,Notebookshop,sales,cash,3,79.28,237.84,0.07,16.65,254.49,EUR,True,False,True,False,Dienstreise
193,2025-05-13,2025-06-12,,2025,5,Q2,DOC-2025-0193,invoice,revenue,4000,Umsatzerloese Dienstleistungen,1000,Bank,guv,service,Futura Labs,consulting,bank_transfer,10,162.14,1621.40,0.19,308.07,1929.47,EUR,False,False,True,False,Webprojekt
194,2025-01-13,2025-01-20,2025-01-20,2025,1,Q1,DOC-2025-0194,invoice,expense,5200,Software und Lizenzen,1000,Bank,guv,software,Office Depot,it,card,12,12.93,155.18,0.19,29.48,184.66,EUR,True,True,True,False,SaaS Abo
195,2025-12-23,2025-12-30,2025-12-30,2025,12,Q4,DOC-2025-0195,receipt,revenue,4200,Sonstige betriebliche Ertraege,1000,Bank,guv,other_income,City Bakery,training,card,1,1132.27,1132.27,0.19,215.13,1347.40,EUR,True,False,True,False,Workshop
196,2025-10-14,2025-10-28,2025-10-25,2025,10,Q4,DOC-2025-0196,invoice,expense,5200,Software und Lizenzen,1000,Bank,guv,software,Adobe,it,card,3,46.46,139.38,0.19,26.48,165.86,EUR,True,True,False,False,SaaS Abo
197,2025-12-27,2026-01-26,2025-12-31,2025,12,Q4,DOC-2025-0197,receipt,revenue,4000,Umsatzerloese Dienstleistungen,1000,Bank,guv,service,City Bakery,consulting,bank_transfer,10,159.48,1594.75,0.19,303.00,1897.75,EUR,True,False,True,False,
198,2025-09-28,2025-10-12,2025-10-23,2025,9,Q3,DOC-2025-0198,invoice,expense,5300,Miete,1000,Bank,guv,rent,Office Depot,admin,bank_transfer,10,138.30,1382.96,0.19,262.76,1645.72,EUR,True,True,True,False,Buero Miete
199,2025-10-30,2025-11-06,2025-11-14,2025,10,Q4,DOC-2025-0199,invoice,revenue,4200,Sonstige betriebliche Ertraege,1000,Bank,guv,other_income,City Bakery,training,card,5,83.05,415.27,0.19,78.90,494.17,EUR,True,False,True,False,Workshop
200,2025-09-07,2025-10-07,2025-09-18,2025,9,Q3,DOC-2025-0200,invoice,revenue,4000,Umsatzerloese Dienstleistungen,1000,Bank,guv,service,City Bakery,consulting,bank_transfer,9,350.15,3151.36,0.19,598.76,3750.12,EUR,True,False,True,False,
201,2025-09-06,2025-10-06,,2025,9,Q3,DOC-2025-0201,invoice,revenue,4000,Umsatzerloese Dienstleistungen,1000,Bank,guv,service,Havel Hotel,consulting,bank_transfer,9,145.02,1305.18,0.19,247.98,1553.16,EUR,False,False,True,False,Webprojekt
202,2025-04-23,2025-05-23,2025-05-11,2025,4,Q2,DOC-2025-0202,invoice,revenue,4000,Umsatzerloese Dienstleistungen,1000,Bank,guv,service,Havel Hotel,consulting,bank_transfer,3,626.91,1880.73,0.19,357.34,2238.07,EUR,True,False,True,False,
203,2025-10-05,2025-11-04,2025-11-02,2025,10,Q4,DOC-2025-0203,invoice,expense,5200,Software und Lizenzen,1000,Bank,guv,software,CoWorking Berlin,it,card,9,27.81,250.33,0.19,47.56,297.89,EUR,True,True,False,False,SaaS Abo
204,2025-08-13,2025-08-20,2025-08-26,2025,8,Q3,DOC-2025-0204,invoice,revenue,4000,Umsatzerloese Dienstleistungen,1000,Bank,guv,service,Juno Media,consulting,bank_transfer,12,333.46,4001.57,0.19,760.30,4761.87,EUR,True,False,True,False,Webprojekt
205,2025-01-31,2025-03-02,2025-03-06,2025,1,Q1,DOC-2025-0205,invoice,revenue,4000,Umsatzerloese Dienstleistungen,1000,Bank,guv,service,Eco Store,consulting,bank_transfer,3,969.76,2909.28,0.19,552.76,3462.04,EUR,True,False,False,False,Webprojekt
206,2025-03-11,2025-03-18,,2025,3,Q1,DOC-2025-0206,invoice,expense,5000,Wareneinsatz,2000,Verbindlichkeiten aus Lieferungen und Leistungen,guv,cogs,Bahn,operations,bank_transfer,5,424.51,2122.57,0.19,403.29,2525.86,EUR,False,False,True,False,Wareneinkauf
207,2025-09-08,2025-10-08,2025-10-04,2025,9,Q3,DOC-2025-0207,invoice,expense,5300,Miete,1000,Bank,guv,rent,AWS,admin,bank_transfer,7,138.73,971.09,0.19,184.51,1155.60,EUR,True,True,True,False,Buero Miete
208,2025-09-07,2025-10-07,2025-09-12,2025,9,Q3,DOC-2025-0208,invoice,expense,5300,Miete,1000,Bank,guv,rent,Microsoft,admin,bank_transfer,12,88.64,1063.64,0.19,202.09,1265.73,EUR,True,True,True,False,Buero Miete
209,2025-09-11,2025-09-25,,2025,9,Q3,DOC-2025-0209,invoice,expense,5100,Marketingkosten,1000,Bank,guv,marketing,Office Depot,marketing,card,9,33.36,300.20,0.19,57.04,357.24,EUR,False,False,False,False,Onlinekampagne
210,2025-08-24,2025-08-31,,2025,8,Q3,DOC-2025-0210,receipt,revenue,4200,Sonstige betriebliche Ertraege,1000,Bank,guv,other_income,Green Office,training,card,8,35.22,281.75,0.19,53.53,335.28,EUR,False,False,True,False,Workshop
211,2025-05-21,2025-05-28,2025-06-13,2025,5,Q2,DOC-2025-0211,invoice,expense,5100,Marketingkosten,1000,Bank,guv,marketing,Notebookshop,marketing,card,11,14.23,156.54,0.19,29.74,186.28,EUR,True,False,True,False,Onlinekampagne
212,2025-12-27,2026-01-03,2026-01-04,2025,12,Q4,,invoice,revenue,4000,Umsatzerloese Dienstleistungen,1000,Bank,guv,service,Alpha GmbH,consulting,bank_transfer,10,115.22,1152.18,0.19,218.91,1371.09,EUR,True,False,True,False,Webprojekt
213,2025-09-02,2025-10-02,2025-09-08,2025,9,Q3,DOC-2025-0213,invoice,expense,5100,Marketingkosten,1000,Bank,guv,marketing,Bahn,marketing,card,2,69.04,138.08,0.19,26.24,164.32,EUR,True,False,True,False,Onlinekampagne
214,2025-02-05,2025-03-07,2025-02-15,2025,2,Q1,DOC-2025-0214,invoice,expense,5100,Marketingkosten,1000,Bank,guv,marketing,Bahn,marketing,card,8,64.38,515.02,0.19,97.85,612.87,EUR,True,False,True,False,Onlinekampagne
215,2025-03-13,2025-03-27,2025-04-04,2025,3,Q1,DOC-2025-0215,invoice,revenue,4000,Umsatzerloese Dienstleistungen,1000,Bank,guv,service,Eco Store,consulting,bank_transfer,7,512.01,3584.05,0.19,680.97,4265.02,EUR,True,False,True,False,Webprojekt
216,2025-12-20,2026-01-03,,2025,12,Q4,DOC-2025-0216,invoice,expense,5200,Software und Lizenzen,1000,Bank,guv,software,Notebookshop,it,card,4,6.88,27.51,0.19,5.23,32.74,EUR,False,True,True,False,SaaS Abo
217,2025-07-17,2025-08-16,2025-07-21,2025,7,Q3,DOC-2025-0217,invoice,expense,5300,Miete,1000,Bank,guv,rent,Microsoft,admin,bank_transfer,9,106.26,956.37,0.19,181.71,1138.08,EUR,True,True,True,False,Buero Miete
218,2025-10-07,2025-10-14,,2025,10,Q4,,invoice,expense,5200,Software und Lizenzen,1000,Bank,guv,software,CoWorking Berlin,it,card,1,211.22,211.22,0.19,40.13,251.35,EUR,False,True,True,False,SaaS Abo
219,2025-08-01,2025-08-31,2025-09-04,2025,8,Q3,DOC-2025-0219,invoice,expense,5400,Reisekosten,1000,Bank,guv,travel,Meta Ads,sales,cash,9,19.03,171.31,0.07,11.99,183.30,EUR,True,False,False,False,Dienstreise
220,2025-07-20,2025-08-19,,2025,7,Q3,DOC-2025-0220,invoice,revenue,4100,Umsatzerloese Produkte,1200,Forderungen aus Lieferungen und Leistungen,guv,product,Green Office,software,bank_transfer,11,101.60,1117.62,0.19,212.35,1329.97,EUR,False,False,True,False,
221,2025-03-01,2025-03-15,2025-03-12,2025,3,Q1,DOC-2025-0221,invoice,revenue,4100,Umsatzerloese Produkte,1200,Forderungen aus Lieferungen und Leistungen,guv,product,Alpha GmbH,software,bank_transfer,2,449.03,898.06,0.19,170.63,1068.69,EUR,True,False,False,False,Softwarelizenz
222,2025-03-27,2025-04-10,,2025,3,Q1,DOC-2025-0222,invoice,expense,5200,Software und Lizenzen,1000,Bank,guv,software,Adobe,it,card,12,10.34,124.12,0.19,23.58,147.70,EUR,False,True,True,False,SaaS Abo
223,2025-11-18,2025-12-02,2025-11-21,2025,11,Q4,DOC-2025-0223,invoice,revenue,4200,Sonstige betriebliche Ertraege,1000,Bank,guv,other_income,City Bakery,training,card,8,50.04,400.29,0.19,76.06,476.35,EUR,True,False,True,False,Workshop
224,2025-09-18,2025-09-25,,2025,9,Q3,DOC-2025-0224,receipt,expense,5100,Marketingkosten,1000,Bank,guv,marketing,Notebookshop,marketing,card,4,20.53,82.11,0.19,15.60,97.71,EUR,False,False,True,False,Onlinekampagne
225,2025-12-02,2025-12-16,2025-12-22,2025,12,Q4,DOC-2025-0225,invoice,revenue,4200,Sonstige betriebliche Ertraege,1000,Bank,guv,other_income,Beta Solutions,training,card,5,213.55,1067.77,0.19,202.88,1270.65,EUR,True,False,False,False,Workshop
226,2025-07-25,2025-08-08,2025-08-13,2025,7,Q3,DOC-2025-0226,invoice,expense,5000,Wareneinsatz,2000,Verbindlichkeiten aus Lieferungen und Leistungen,guv,cogs,Microsoft,operations,bank_transfer,6,43.90,263.37,0.19,50.04,313.41,EUR,True,False,True,False,Wareneinkauf
227,2025-07-08,2025-07-15,2025-08-11,2025,7,Q3,DOC-2025-0227,invoice,expense,5300,Miete,1000,Bank,guv,rent,Adobe,admin,bank_transfer,4,298.96,1195.85,0.19,227.21,1423.06,EUR,True,True,True,False,Buero Miete
228,2025-01-01,2025-01-31,2025-01-20,2025,1,Q1,DOC-2025-0228,invoice,expense,5200,Software und Lizenzen,1000,Bank,guv,software,Notebookshop,it,card,2,116.25,232.50,0.19,44.18,276.68,EUR,True,True,True,False,SaaS Abo
229,2025-01-23,2025-02-22,,2025,1,Q1,DOC-2025-0229,invoice,expense,5000,Wareneinsatz,2000,Verbindlichkeiten aus Lieferungen und Leistungen,guv,cogs,AWS,operations,bank_transfer,7,290.89,2036.25,0.19,386.89,2423.14,EUR,False,False,True,False,Wareneinkauf
230,2025-10-18,2025-10-25,2025-11-02,2025,10,Q4,DOC-2025-0230,invoice,revenue,4200,Sonstige betriebliche Ertraege,1000,Bank,guv,other_income,Green Office,training,card,5,74.29,371.45,0.19,70.58,442.03,EUR,True,False,True,False,Workshop
231,2025-04-14,2025-04-21,,2025,4,Q2,DOC-2025-0231,invoice,revenue,4000,Umsatzerloese Dienstleistungen,1000,Bank,guv,service,Futura Labs,consulting,bank_transfer,3,434.54,1303.61,0.19,247.69,1551.30,EUR,False,False,True,False,Webprojekt
232,2025-08-26,2025-09-02,2025-09-14,2025,8,Q3,DOC-2025-0232,invoice,revenue,4100,Umsatzerloese Produkte,1200,Forderungen aus Lieferungen und Leistungen,guv,product,Futura Labs,software,bank_transfer,12,48.94,587.26,0.19,111.58,698.84,EUR,True,False,True,False,Softwarelizenz
233,2025-12-13,2025-12-20,,2025,12,Q4,DOC-2025-0233,receipt,revenue,4000,Umsatzerloese Dienstleistungen,1000,Bank,guv,service,Innotech AG,consulting,bank_transfer,1,1905.71,1905.71,0.19,362.08,2267.79,EUR,False,False,True,False,Webprojekt
234,2025-03-04,2025-03-11,,2025,3,Q1,DOC-2025-0234,invoice,expense,5100,Marketingkosten,1000,Bank,guv,marketing,AWS,marketing,card,3,29.93,89.80,0.19,17.06,106.86,EUR,False,False,True,False,Onlinekampagne
235,2025-04-12,2025-04-19,2025-04-17,2025,4,Q2,DOC-2025-0235,receipt,revenue,4000,Umsatzerloese Dienstleistungen,1000,Bank,guv,service,Alpha GmbH,consulting,bank_transfer,6,689.87,4139.24,0.19,786.46,4925.70,EUR,True,False,True,False,Webprojekt
236,2025-07-15,2025-07-22,2025-07-26,2025,7,Q3,DOC-2025-0236,receipt,revenue,4000,Umsatzerloese Dienstleistungen,1000,Bank,guv,service,Alpha GmbH,consulting,bank_transfer,5,665.58,3327.89,0.19,632.30,3960.19,EUR,True,False,True,False,Webprojekt
237,2025-09-03,2025-09-10,2025-09-29,2025,9,Q3,DOC-2025-0237,receipt,expense,5400,Reisekosten,1000,Bank,guv,travel,CoWorking Berlin,sales,cash,4,14.73,58.90,0.07,4.12,63.02,EUR,True,False,True,False,Dienstreise
238,2025-09-03,2025-10-03,2025-10-05,2025,9,Q3,DOC-2025-0238,invoice,expense,5200,Software und Lizenzen,1000,Bank,guv,software,Microsoft,it,card,6,28.74,172.46,0.19,32.77,205.23,EUR,True,True,True,False,SaaS Abo
239,2025-09-29,2025-10-06,2025-10-09,2025,9,Q3,DOC-2025-0239,invoice,revenue,4100,Umsatzerloese Produkte,1200,Forderungen aus Lieferungen und Leistungen,guv,product,Innotech AG,software,bank_transfer,2,369.88,739.76,0.19,140.55,880.31,EUR,True,False,False,False,
240,2025-10-22,2025-11-05,,2025,10,Q4,DOC-2025-0240,invoice,expense,5100,Marketingkosten,1000,Bank,guv,marketing,Microsoft,marketing,card,3,258.04,774.13,0.19,147.08,921.21,EUR,False,False,True,False,Onlinekampagne
241,2025-03-14,2025-03-28,2025-04-17,2025,3,Q1,DOC-2025-0241,invoice,expense,5400,Reisekosten,1000,Bank,guv,travel,Adobe,sales,cash,5,42.91,214.56,0.07,15.02,229.58,EUR,True,False,True,False,Dienstreise
242,2025-04-14,2025-04-21,2025-05-04,2025,4,Q2,DOC-2025-0242,credit_note,revenue,4200,Sonstige betriebliche Ertraege,1000,Bank,guv,other_income,City Bakery,training,card,1,1822.57,1822.57,0.19,346.29,2168.86,EUR,True,False,True,True,Workshop
243,2025-12-27,2026-01-03,2026-01-17,2025,12,Q4,DOC-2025-0243,invoice,expense,5200,Software und Lizenzen,1000,Bank,guv,software,Notebookshop,it,card,5,56.75,283.74,0.19,53.91,337.65,EUR,True,True,False,False,SaaS Abo
244,2025-12-22,2026-01-05,2026-01-05,2025,12,Q4,DOC-2025-0244,invoice,revenue,4200,Sonstige betriebliche Ertraege,1000,Bank,guv,other_income,Eco Store,training,card,11,180.43,1984.72,0.19,377.10,2361.82,EUR,True,False,True,False,Workshop
245,2025-10-21,2025-11-20,,2025,10,Q4,DOC-2025-0245,invoice,revenue,4200,Sonstige betriebliche Ertraege,1000,Bank,guv,other_income,Juno Media,training,card,1,1013.62,1013.62,0.19,192.59,1206.21,EUR,False,False,True,False,Workshop
246,2025-02-09,2025-02-16,,2025,2,Q1,DOC-2025-0246,invoice,revenue,4200,Sonstige betriebliche Ertraege,1000,Bank,guv,other_income,Futura Labs,training,card,11,64.92,714.09,0.19,135.68,849.77,EUR,False,False,True,False,Workshop
247,2025-02-25,2025-03-11,2025-03-23,2025,2,Q1,DOC-2025-0247,invoice,revenue,4100,Umsatzerloese Produkte,1200,Forderungen aus Lieferungen und Leistungen,guv,product,Green Office,software,bank_transfer,3,446.23,1338.68,0.19,254.35,1593.03,EUR,True,False,True,False,Softwarelizenz
248,2025-11-30,2025-12-14,2025-12-04,2025,11,Q4,DOC-2025-0248,invoice,expense,5400,Reisekosten,1000,Bank,guv,travel,AWS,sales,cash,1,275.06,275.06,0.07,19.25,294.31,EUR,True,False,True,False,Dienstreise
249,2025-02-17,2025-03-03,,2025,2,Q1,DOC-2025-0249,credit_note,expense,5400,Reisekosten,1000,Bank,guv,travel,Bahn,sales,cash,12,12.06,144.76,0.07,10.13,154.89,EUR,False,False,True,True,
250,2025-07-29,2025-08-28,,2025,7,Q3,DOC-2025-0250,invoice,revenue,4000,Umsatzerloese Dienstleistungen,1000,Bank,guv,service,Delta Studio,consulting,bank_transfer,9,375.51,3379.63,0.19,642.13,4021.76,EUR,False,False,True,False,Webprojekt
251,2025-07-04,2025-08-03,2025-08-03,2025,7,Q3,DOC-2025-0251,invoice,expense,5000,Wareneinsatz,2000,Verbindlichkeiten aus Lieferungen und Leistungen,guv,cogs,Meta Ads,operations,bank_transfer,4,31.99,127.94,0.19,24.31,152.25,EUR,True,False,True,False,
252,2025-09-08,2025-10-08,2025-10-12,2025,9,Q3,DOC-2025-0252,invoice,expense,5300,Miete,1000,Bank,guv,rent,Microsoft,admin,bank_transfer,7,192.49,1347.44,0.19,256.01,1603.45,EUR,True,True,True,False,Buero Miete
253,2025-10-16,2025-11-15,,2025,10,Q4,DOC-2025-0253,invoice,revenue,4100,Umsatzerloese Produkte,1200,Forderungen aus Lieferungen und Leistungen,guv,product,Innotech AG,software,bank_transfer,2,125.85,251.70,0.19,47.82,299.52,EUR,False,False,True,False,Softwarelizenz
254,2025-09-25,2025-10-09,2025-10-10,2025,9,Q3,DOC-2025-0254,invoice,revenue,4100,Umsatzerloese Produkte,1200,Forderungen aus Lieferungen und Leistungen,guv,product,Alpha GmbH,software,bank_transfer,8,105.09,840.74,0.19,159.74,1000.48,EUR,True,False,False,False,Softwarelizenz
255,2025-03-17,2025-03-24,,2025,3,Q1,,receipt,expense,5400,Reisekosten,1000,Bank,guv,travel,Bahn,sales,cash,3,25.76,77.29,0.07,5.41,82.70,EUR,False,False,True,False,Dienstreise
256,2025-03-17,2025-04-16,2025-03-21,2025,3,Q1,DOC-2025-0256,invoice,revenue,4200,Sonstige betriebliche Ertraege,1000,Bank,guv,other_income,Futura Labs,training,card,2,938.26,1876.51,0.19,356.54,2233.05,EUR,True,False,True,False,Workshop
257,2025-11-16,2025-11-23,,2025,11,Q4,DOC-2025-0257,invoice,revenue,4200,Sonstige betriebliche Ertraege,1000,Bank,guv,other_income,Juno Media,training,card,7,199.40,1395.77,0.19,265.20,1660.97,EUR,False,False,False,False,Workshop
258,2025-05-27,2025-06-10,,2025,5,Q2,DOC-2025-0258,invoice,expense,5000,Wareneinsatz,2000,Verbindlichkeiten aus Lieferungen und Leistungen,guv,cogs,Travel Partner,operations,bank_transfer,5,384.87,1924.35,0.19,365.63,2289.98,EUR,False,False,True,False,Wareneinkauf
259,2025-01-20,2025-02-19,,2025,1,Q1,DOC-2025-0259,receipt,expense,5300,Miete,1000,Bank,guv,rent,Meta Ads,admin,bank_transfer,4,274.48,1097.90,0.19,208.60,1306.50,EUR,False,True,True,False,Buero Miete
260,2025-09-09,2025-09-16,2025-09-17,2025,9,Q3,DOC-2025-0260,invoice,revenue,4100,Umsatzerloese Produkte,1200,Forderungen aus Lieferungen und Leistungen,guv,product,Futura Labs,software,bank_transfer,5,313.22,1566.09,0.19,297.56,1863.65,EUR,True,False,True,False,Softwarelizenz
261,2025-07-28,2025-08-11,,2025,7,Q3,DOC-2025-0261,invoice,revenue,4000,Umsatzerloese Dienstleistungen,1000,Bank,guv,service,Eco Store,consulting,bank_transfer,1,3541.50,3541.50,0.19,672.89,4214.39,EUR,False,False,True,False,Webprojekt
262,2025-01-15,2025-01-22,,2025,1,Q1,DOC-2025-0262,invoice,expense,5400,Reisekosten,1000,Bank,guv,travel,Microsoft,sales,cash,1,93.86,93.86,0.07,6.57,100.43,EUR,False,False,True,False,Dienstreise
263,2025-12-15,2026-01-14,2026-01-12,2025,12,Q4,DOC-2025-0263,invoice,expense,5000,Wareneinsatz,2000,Verbindlichkeiten aus Lieferungen und Leistungen,guv,cogs,Telekom,operations,bank_transfer,3,61.19,183.57,0.19,34.88,218.45,EUR,True,False,True,False,Wareneinkauf
264,2025-05-26,2025-06-25,2025-06-08,2025,5,Q2,DOC-2025-0264,invoice,expense,5000,Wareneinsatz,2000,Verbindlichkeiten aus Lieferungen und Leistungen,guv,cogs,Meta Ads,operations,bank_transfer,4,44.28,177.10,0.19,33.65,210.75,EUR,True,False,True,False,Wareneinkauf
265,2025-08-31,2025-09-30,2025-08-31,2025,8,Q3,DOC-2025-0265,invoice,expense,5000,Wareneinsatz,2000,Verbindlichkeiten aus Lieferungen und Leistungen,guv,cogs,Meta Ads,operations,bank_transfer,4,503.99,2015.95,0.19,383.03,2398.98,EUR,True,False,True,False,Wareneinkauf
266,2025-08-24,2025-09-23,2025-09-26,2025,8,Q3,DOC-2025-0266,invoice,expense,5200,Software und Lizenzen,1000,Bank,guv,software,Telekom,it,card,10,9.06,90.56,0.19,17.21,107.77,EUR,True,True,False,False,SaaS Abo
267,2025-11-08,2025-11-22,2025-11-12,2025,11,Q4,DOC-2025-0267,invoice,expense,5400,Reisekosten,1000,Bank,guv,travel,Meta Ads,sales,cash,6,21.27,127.63,0.07,8.93,136.56,EUR,True,False,True,False,Dienstreise
268,2025-09-22,2025-10-22,,2025,9,Q3,DOC-2025-0268,invoice,revenue,4000,Umsatzerloese Dienstleistungen,1000,Bank,guv,service,Alpha GmbH,consulting,bank_transfer,7,518.89,3632.26,0.19,690.13,4322.39,EUR,False,False,False,False,Webprojekt
269,2025-01-19,2025-01-26,,2025,1,Q1,DOC-2025-0269,invoice,revenue,4100,Umsatzerloese Produkte,1200,Forderungen aus Lieferungen und Leistungen,guv,product,Innotech AG,software,bank_transfer,6,185.33,1111.99,0.19,211.28,1323.27,EUR,False,False,True,False,Softwarelizenz
270,2025-03-29,2025-04-05,,2025,3,Q1,DOC-2025-0270,invoice,revenue,4100,Umsatzerloese Produkte,1200,Forderungen aus Lieferungen und Leistungen,guv,product,Eco Store,software,bank_transfer,5,307.41,1537.05,0.19,292.04,1829.09,EUR,False,False,True,False,Softwarelizenz
271,2025-12-02,2026-01-01,2025-12-21,2025,12,Q4,DOC-2025-0271,invoice,expense,5200,Software und Lizenzen,1000,Bank,guv,software,Meta Ads,it,card,7,6.43,45.00,0.19,8.55,53.55,EUR,True,True,True,False,
272,2025-10-26,2025-11-09,2025-11-07,2025,10,Q4,DOC-2025-0272,receipt,revenue,4200,Sonstige betriebliche Ertraege,1000,Bank,guv,other_income,Innotech AG,training,card,9,153.51,1381.61,0.19,262.51,1644.12,EUR,True,False,True,False,Workshop
273,2025-06-25,2025-07-09,2025-07-04,2025,6,Q2,DOC-2025-0273,invoice,revenue,4000,Umsatzerloese Dienstleistungen,1000,Bank,guv,service,Beta Solutions,consulting,bank_transfer,6,385.67,2314.01,0.19,439.66,2753.67,EUR,True,False,True,False,Webprojekt
274,2025-08-20,2025-08-27,,2025,8,Q3,DOC-2025-0274,invoice,expense,5000,Wareneinsatz,2000,Verbindlichkeiten aus Lieferungen und Leistungen,guv,cogs,AWS,operations,bank_transfer,10,68.89,688.94,0.19,130.90,819.84,EUR,False,False,True,False,Wareneinkauf
275,2025-07-16,2025-08-15,2025-08-08,2025,7,Q3,DOC-2025-0275,invoice,revenue,4100,Umsatzerloese Produkte,1200,Forderungen aus Lieferungen und Leistungen,guv,product,Innotech AG,software,bank_transfer,1,157.70,157.70,0.19,29.96,187.66,EUR,True,False,True,False,Softwarelizenz
276,2025-06-26,2025-07-26,2025-07-15,2025,6,Q2,DOC-2025-0276,invoice,revenue,4200,Sonstige betriebliche Ertraege,1000,Bank,guv,other_income,Eco Store,training,card,3,286.19,858.58,0.19,163.13,1021.71,EUR,True,False,True,False,Workshop
277,2025-12-18,2026-01-01,2026-01-09,2025,12,Q4,,invoice,expense,5300,Miete,1000,Bank,guv,rent,Notebookshop,admin,bank_transfer,4,349.44,1397.74,0.19,265.57,1663.31,EUR,True,True,True,False,Buero Miete
278,2025-10-29,2025-11-28,2025-10-31,2025,10,Q4,DOC-2025-0278,invoice,revenue,4000,Umsatzerloese Dienstleistungen,1000,Bank,guv,service,Innotech AG,consulting,bank_transfer,7,381.02,2667.14,0.19,506.76,3173.90,EUR,True,False,True,False,
279,2025-01-25,2025-02-08,2025-02-01,2025,1,Q1,DOC-2025-0279,invoice,revenue,4000,Umsatzerloese Dienstleistungen,1000,Bank,guv,service,Delta Studio,consulting,bank_transfer,9,372.45,3352.07,0.19,636.89,3988.96,EUR,True,False,True,False,Webprojekt
280,2025-05-19,2025-06-02,2025-05-25,2025,5,Q2,DOC-2025-0280,invoice,expense,5400,Reisekosten,1000,Bank,guv,travel,AWS,sales,cash,9,25.90,233.07,0.07,16.31,249.38,EUR,True,False,True,False,Dienstreise
281,2025-04-14,2025-04-21,2025-04-16,2025,4,Q2,DOC-2025-0281,invoice,expense,5400,Reisekosten,1000,Bank,guv,travel,Office Depot,sales,cash,9,16.77,150.96,0.07,10.57,161.53,EUR,True,False,True,False,Dienstreise
282,2025-12-09,2026-01-08,,2025,12,Q4,DOC-2025-0282,invoice,expense,5400,Reisekosten,1000,Bank,guv,travel,Meta Ads,sales,cash,2,96.59,193.17,0.07,13.52,206.69,EUR,False,False,True,False,Dienstreise
283,2025-02-21,2025-03-07,,2025,2,Q1,DOC-2025-0283,invoice,revenue,4000,Umsatzerloese Dienstleistungen,1000,Bank,guv,service,Beta Solutions,consulting,bank_transfer,6,634.79,3808.76,0.19,723.66,4532.42,EUR,False,False,True,False,
284,2025-06-18,2025-07-18,2025-07-05,2025,6,Q2,DOC-2025-0284,invoice,expense,5100,Marketingkosten,1000,Bank,guv,marketing,Bahn,marketing,card,12,31.10,373.17,0.19,70.90,444.07,EUR,True,False,True,False,Onlinekampagne
285,2025-08-04,2025-08-11,,2025,8,Q3,DOC-2025-0285,invoice,expense,5300,Miete,1000,Bank,guv,rent,Bahn,admin,bank_transfer,3,408.14,1224.42,0.19,232.64,1457.06,EUR,False,True,False,False,Buero Miete
286,2025-04-03,2025-05-03,,2025,4,Q2,DOC-2025-0286,invoice,expense,5300,Miete,1000,Bank,guv,rent,Bahn,admin,bank_transfer,1,1205.66,1205.66,0.19,229.08,1434.74,EUR,False,True,True,False,Buero Miete
287,2025-05-14,2025-06-13,2025-06-16,2025,5,Q2,DOC-2025-0287,invoice,revenue,4000,Umsatzerloese Dienstleistungen,1000,Bank,guv,service,Futura Labs,consulting,bank_transfer,12,268.62,3223.40,0.19,612.45,3835.85,EUR,True,False,True,False,Webprojekt
288,2025-05-08,2025-06-07,2025-06-01,2025,5,Q2,DOC-2025-0288,invoice,revenue,4200,Sonstige betriebliche Ertraege,1000,Bank,guv,other_income,Juno Media,training,card,3,396.59,1189.76,0.19,226.05,1415.81,EUR,True,False,True,False,Workshop
289,2025-03-26,2025-04-02,2025-04-16,2025,3,Q1,DOC-2025-0289,invoice,expense,5300,Miete,1000,Bank,guv,rent,Telekom,admin,bank_transfer,5,187.49,937.43,0.19,178.11,1115.54,EUR,True,True,True,False,Buero Miete
290,2025-08-18,2025-09-01,2025-08-25,2025,8,Q3,DOC-2025-0290,invoice,expense,5400,Reisekosten,1000,Bank,guv,travel,Notebookshop,sales,cash,8,8.41,67.29,0.07,4.71,72.00,EUR,True,False,True,False,
291,2025-11-13,2025-12-13,,2025,11,Q4,DOC-2025-0291,invoice,revenue,4200,Sonstige betriebliche Ertraege,1000,Bank,guv,other_income,Futura Labs,training,card,4,373.30,1493.20,0.19,283.71,1776.91,EUR,False,False,True,False,Workshop
292,2025-11-14,2025-11-28,2025-12-12,2025,11,Q4,DOC-2025-0292,invoice,expense,5400,Reisekosten,1000,Bank,guv,travel,Adobe,sales,cash,2,112.99,225.98,0.07,15.82,241.80,EUR,True,False,True,False,Dienstreise
293,2025-07-11,2025-07-18,2025-08-11,2025,7,Q3,DOC-2025-0293,receipt,revenue,4200,Sonstige betriebliche Ertraege,1000,Bank,guv,other_income,Green Office,training,card,3,539.70,1619.09,0.19,307.63,1926.72,EUR,True,False,True,False,Workshop
294,2025-04-21,2025-05-21,,2025,4,Q2,DOC-2025-0294,invoice,expense,5300,Miete,1000,Bank,guv,rent,Travel Partner,admin,bank_transfer,6,188.09,1128.52,0.19,214.42,1342.94,EUR,False,True,False,False,Buero Miete
295,2025-03-10,2025-04-09,2025-03-13,2025,3,Q1,DOC-2025-0295,receipt,expense,5400,Reisekosten,1000,Bank,guv,travel,Office Depot,sales,cash,9,37.64,338.79,0.07,23.72,362.51,EUR,True,False,True,False,Dienstreise
296,2025-03-07,2025-04-06,2025-03-27,2025,3,Q1,DOC-2025-0296,invoice,expense,5100,Marketingkosten,1000,Bank,guv,marketing,Travel Partner,marketing,card,9,18.32,164.91,0.19,31.33,196.24,EUR,True,False,True,False,Onlinekampagne
297,2025-08-20,2025-09-19,2025-09-21,2025,8,Q3,DOC-2025-0297,invoice,expense,5200,Software und Lizenzen,1000,Bank,guv,software,Microsoft,it,card,5,49.07,245.34,0.19,46.61,291.95,EUR,True,True,False,False,SaaS Abo
298,2025-05-29,2025-06-05,,2025,5,Q2,DOC-2025-0298,receipt,revenue,4200,Sonstige betriebliche Ertraege,1000,Bank,guv,other_income,Innotech AG,training,card,12,132.41,1588.89,0.19,301.89,1890.78,EUR,False,False,True,False,Workshop
299,2025-09-03,2025-10-03,,2025,9,Q3,DOC-2025-0299,receipt,expense,5400,Reisekosten,1000,Bank,guv,travel,Telekom,sales,cash,7,31.52,220.67,0.07,15.45,236.12,EUR,False,False,True,False,Dienstreise
300,2025-07-15,2025-07-22,2025-08-01,2025,7,Q3,DOC-2025-0300,invoice,expense,5000,Wareneinsatz,2000,Verbindlichkeiten aus Lieferungen und Leistungen,guv,cogs,Bahn,operations,bank_transfer,3,140.76,422.28,0.19,80.23,502.51,EUR,True,False,True,False,Wareneinkauf
